,Product,Surplus,Base Production,Substitutability Group,Ave_Self_Assign,Ave_Assign_to_Others,Average Unused Stock,Alpha
0,0,0.0,5702.0,0.0,5586.74,0.0,115.26,0.3
1,1,0.0,58512.0,0.0,52279.96,0.0,6232.04,0.3
2,2,0.0,12332.0,0.0,12082.71,0.0,249.29,0.3
3,3,0.0,8493.0,0.0,8321.32,0.0,171.68,0.3
4,4,46220.0,68762.0,0.0,49400.4,25157.84,40423.75,0.3
5,5,7590.0,6418.0,0.0,7077.54,399.48,6530.98,0.3
6,6,0.0,11438.0,1.0,11206.78,0.0,231.22,0.3
7,7,10096.0,67309.0,1.0,54280.19,2546.8,20578.01,0.3
8,8,0.0,78174.0,2.0,76593.72,0.0,1580.28,0.3
9,9,0.0,49381.0,2.0,44121.5,0.0,5259.5,0.3
10,10,99255.0,10009.0,2.0,8893.19,53703.61,46667.2,0.3
11,11,0.0,468.0,2.0,404.6,0.0,63.4,0.3
12,12,0.0,22115.0,2.0,16652.51,0.0,5462.49,0.3
13,13,0.0,86460.0,3.0,74748.84,0.0,11711.16,0.3
14,14,0.0,276.0,3.0,198.23,0.0,77.77,0.3
15,15,44277.0,40721.0,3.0,32732.06,11501.31,40764.64,0.3
16,16,0.0,50171.0,3.0,36034.85,0.0,14136.15,0.3
17,17,0.0,25128.0,4.0,21724.37,0.0,3403.63,0.3
18,18,10480.0,69869.0,4.0,56344.66,266.27,23738.06,0.3
19,19,0.0,18154.0,5.0,13038.92,0.0,5115.08,0.3
20,20,0.0,99596.0,5.0,71533.88,0.0,28062.12,0.3
21,21,17738.0,66276.0,6.0,49905.59,11104.72,23003.68,0.3
22,22,0.0,47347.0,6.0,35652.1,2.69,11692.21,0.3
23,23,5042.0,33613.0,6.0,37224.59,0.0,1430.41,0.3
24,24,5238.0,34919.0,7.0,25080.24,2184.52,12892.24,0.3
25,25,9246.0,61643.0,7.0,54083.71,3166.73,13638.56,0.3
26,26,0.0,82514.0,7.0,62132.72,0.0,20381.28,0.3
27,27,6612.0,44077.0,7.0,40157.69,449.37,10081.94,0.3
28,28,0.0,63985.0,8.0,48180.46,0.0,15804.54,0.3
29,29,24208.0,57055.0,8.0,49598.42,1587.64,30076.94,0.3
30,30,0.0,57074.0,9.0,49343.23,0.0,7730.77,0.3
31,31,0.0,49797.0,9.0,37496.96,0.0,12300.04,0.3
32,32,158138.0,81197.0,9.0,127557.66,27151.96,84625.38,0.3
33,33,0.0,81854.0,9.0,69726.0,0.0,12128.0,0.3
34,34,1622.0,10816.0,9.0,9602.71,1729.1,1106.2,0.3
35,35,7452.0,17950.0,10.0,18778.22,0.0,6623.78,0.3
36,36,0.0,6973.0,11.0,5250.67,34.82,1687.51,0.3
37,37,11911.0,79404.0,11.0,77566.98,0.0,13748.02,0.3
38,38,10323.0,68818.0,12.0,67225.87,0.0,11915.13,0.3
39,39,14954.0,22962.0,13.0,32739.02,0.0,5176.98,0.3
40,40,0.0,2726.0,14.0,2052.69,0.0,673.31,0.3
41,41,54819.0,5440.0,14.0,7268.21,21383.5,31607.29,0.3
42,42,0.0,82182.0,14.0,73428.9,0.0,8753.1,0.3
43,43,0.0,47719.0,14.0,41255.37,0.0,6463.63,0.3
44,44,12787.0,85247.0,15.0,77542.99,2430.65,18060.36,0.3
45,45,0.0,11090.0,15.0,9446.85,0.0,1643.15,0.3
46,46,0.0,29270.0,15.0,24933.18,0.0,4336.82,0.3
47,47,0.0,12733.0,16.0,11008.29,0.0,1724.71,0.3
48,48,163.0,1086.0,16.0,779.97,172.97,296.06,0.3
49,49,2541.0,16937.0,16.0,15529.27,254.1,3694.63,0.3
50,50,14535.0,96900.0,17.0,69597.49,9339.5,32498.0,0.3
51,51,9905.0,84514.0,17.0,78869.35,0.0,15549.65,0.3
52,52,90046.0,88486.0,18.0,134560.4,3398.61,40572.99,0.3
53,53,0.0,12418.0,18.0,11095.39,0.0,1322.61,0.3
54,54,10672.0,71146.0,19.0,64340.28,8771.58,8706.14,0.3
55,55,8794.0,58628.0,19.0,42109.02,9900.26,15412.72,0.3
56,56,11988.0,79920.0,19.0,72354.09,5611.87,13942.04,0.3
57,57,0.0,62971.0,19.0,45228.3,1758.53,15984.18,0.3
58,58,8205.0,54701.0,19.0,56174.0,1501.71,5230.29,0.3
59,59,13427.0,92276.0,20.0,89943.79,0.0,15759.21,0.3
60,60,0.0,93352.0,21.0,91464.9,0.0,1887.1,0.3
61,61,0.0,9143.0,21.0,8169.17,0.0,973.83,0.3
62,62,0.0,57017.0,21.0,50944.21,0.0,6072.79,0.3
63,63,149330.0,33801.0,21.0,31827.87,65441.42,85861.72,0.3
64,64,9735.0,64903.0,22.0,63401.09,0.0,11236.91,0.3
65,65,0.0,82995.0,23.0,59610.4,4454.82,18929.77,0.3
66,66,72331.0,45405.0,23.0,47462.45,15256.9,55016.65,0.3
67,67,0.0,38256.0,23.0,32587.74,0.0,5668.26,0.3
68,68,0.0,62644.0,23.0,44993.46,0.0,17650.54,0.3
69,69,0.0,5795.0,23.0,5677.86,0.0,117.14,0.3
70,70,0.0,64094.0,23.0,46034.9,0.0,18059.1,0.3
71,71,0.0,31020.0,24.0,23357.94,0.0,7662.06,0.3
72,72,0.0,56790.0,25.0,49097.72,0.0,7692.28,0.3
73,73,0.0,87853.0,26.0,86077.07,0.0,1775.93,0.3
74,74,52510.0,58893.0,26.0,54204.35,27386.88,29811.78,0.3
75,75,0.0,16930.0,27.0,12159.81,0.0,4770.19,0.3
76,76,0.0,29463.0,27.0,21161.54,0.0,8301.46,0.3
77,77,64190.0,80799.0,28.0,116502.57,2367.85,26118.58,0.3
78,78,0.0,4661.0,28.0,3347.71,48.55,1264.74,0.3
79,79,1657.0,11049.0,28.0,10479.76,1319.18,907.06,0.3
80,80,0.0,40188.0,29.0,35907.65,0.0,4280.35,0.3
81,81,0.0,70558.0,30.0,69131.69,0.0,1426.31,0.3
82,82,34499.0,12909.0,30.0,13780.58,21776.33,11851.08,0.3
83,83,8990.0,59934.0,30.0,58341.34,4198.71,6383.95,0.3
84,84,1316.0,8776.0,31.0,7587.27,1745.6,759.13,0.3
85,85,35730.0,67842.0,31.0,91533.64,0.0,12038.36,0.3
86,86,0.0,58061.0,32.0,43719.72,0.0,14341.28,0.3
87,87,0.0,66355.0,32.0,47658.85,65.0,18631.16,0.3
88,88,0.0,42616.0,32.0,41754.53,0.0,861.47,0.3
89,89,4719.0,57736.0,32.0,51633.82,1240.72,9580.46,0.3
90,90,122124.0,89324.0,32.0,106895.18,27751.77,76801.06,0.3
91,91,0.0,23088.0,33.0,17385.18,0.0,5702.82,0.3
92,92,0.0,5037.0,34.0,4500.5,0.0,536.5,0.3
93,93,5149.0,18218.0,34.0,17488.42,398.96,5479.62,0.3
94,94,29309.0,67360.0,35.0,62103.55,7258.58,27306.87,0.3
95,95,0.0,84026.0,35.0,60350.84,1.54,23673.62,0.3
96,96,0.0,25698.0,35.0,22960.95,0.0,2737.05,0.3
97,97,2375.0,15833.0,36.0,14447.49,551.44,3209.07,0.3
98,98,9003.0,60023.0,36.0,47589.31,1511.56,19925.13,0.3
99,99,0.0,2954.0,36.0,2224.34,0.0,729.66,0.3
100,100,8447.0,56315.0,37.0,52082.13,5.18,12674.69,0.3
101,101,0.0,1570.0,37.0,1182.21,0.0,387.79,0.3
102,102,353.0,2136.0,38.0,1986.44,0.0,502.56,0.3
103,103,0.0,34140.0,39.0,30503.79,0.0,3636.21,0.3
104,104,9066.0,66926.0,39.0,61556.32,953.93,13481.75,0.3
105,105,0.0,25869.0,40.0,19479.25,0.0,6389.75,0.3
106,106,74314.0,80764.0,41.0,123017.87,0.0,32060.13,0.3
107,107,0.0,38492.0,42.0,28984.33,0.0,9507.67,0.3
108,108,0.0,92822.0,42.0,66668.52,650.15,25503.33,0.3
109,109,0.0,3676.0,43.0,3601.69,0.0,74.31,0.3
110,110,29407.0,61572.0,44.0,44488.22,11179.59,35311.19,0.3
111,111,0.0,34098.0,44.0,25675.65,0.0,8422.35,0.3
112,112,0.0,43332.0,44.0,38716.78,0.0,4615.22,0.3
113,113,0.0,54509.0,44.0,39150.56,2.04,15356.4,0.3
114,114,0.0,9256.0,45.0,9068.89,0.0,187.11,0.3
115,115,99216.0,98678.0,45.0,152323.21,2984.3,42586.49,0.3
116,116,0.0,70468.0,46.0,50612.97,0.0,19855.03,0.3
117,117,2009.0,49485.0,47.0,42940.52,754.49,7798.99,0.3
118,118,0.0,30873.0,47.0,23247.26,20.51,7605.24,0.3
119,119,12349.0,39907.0,48.0,35926.73,5630.79,10698.47,0.3
120,120,9126.0,60843.0,48.0,58749.31,969.97,10249.72,0.3
121,121,0.0,97143.0,49.0,95179.27,0.0,1963.73,0.3
122,122,100093.0,71147.0,49.0,86024.35,34804.52,50411.13,0.3
123,123,34095.0,89426.0,50.0,78119.89,9348.68,36052.43,0.3
124,124,0.0,4680.0,50.0,3986.58,0.0,693.42,0.3
125,125,2263.0,15085.0,50.0,10834.67,4636.28,1877.05,0.3
126,126,10115.0,67431.0,50.0,51260.12,3317.86,22968.03,0.3
127,127,74845.0,62446.0,50.0,87966.39,14124.57,35200.04,0.3
128,128,47409.0,25458.0,51.0,18332.75,17706.4,36827.85,0.3
129,129,0.0,41835.0,51.0,35636.45,0.0,6198.55,0.3
130,130,0.0,24769.0,51.0,22130.89,0.0,2638.11,0.3
131,131,11754.0,78360.0,52.0,86779.42,0.0,3334.58,0.3
132,132,0.0,1042.0,53.0,887.62,0.0,154.38,0.3
133,133,0.0,43044.0,53.0,42173.86,0.0,870.14,0.3
134,134,0.0,20268.0,53.0,17264.98,378.58,2624.43,0.3
135,135,0.0,94482.0,53.0,84418.85,2995.5,7067.65,0.3
136,136,0.0,38884.0,53.0,27928.01,0.0,10955.99,0.3
137,137,272192.0,69245.0,53.0,106769.83,74543.03,160124.14,0.3
138,138,0.0,60562.0,53.0,43498.07,0.0,17063.93,0.3
139,139,0.0,70058.0,53.0,62596.22,1073.11,6388.67,0.3
140,140,0.0,30648.0,53.0,26496.68,0.0,4151.32,0.3
141,141,0.0,44702.0,53.0,33660.43,0.0,11041.57,0.3
142,142,3580.0,40823.0,54.0,35313.09,1616.21,7473.69,0.3
143,143,6943.0,46287.0,54.0,45184.08,32.02,8013.9,0.3
144,144,0.0,57944.0,55.0,51772.46,0.0,6171.54,0.3
145,145,73141.0,82930.0,55.0,83000.18,22711.76,50359.06,0.3
146,146,13378.0,89185.0,55.0,84162.65,3548.63,14851.73,0.3
147,147,7082.0,47212.0,56.0,52284.89,0.0,2009.11,0.3
148,148,0.0,71560.0,57.0,61867.08,0.0,9692.92,0.3
149,149,74172.0,57099.0,57.0,90962.21,3257.9,37050.88,0.3
150,150,0.0,66395.0,58.0,49995.2,0.0,16399.8,0.3
151,151,0.0,45791.0,58.0,44865.34,0.0,925.66,0.3
152,152,0.0,30552.0,58.0,26025.22,0.0,4526.78,0.3
153,153,0.0,5088.0,58.0,4546.09,0.0,541.91,0.3
154,154,0.0,11159.0,58.0,8402.68,0.0,2756.32,0.3
155,155,0.0,92269.0,58.0,79771.0,0.0,12498.0,0.3
156,156,0.0,66135.0,58.0,56336.01,0.0,9798.99,0.3
157,157,0.0,53009.0,58.0,45154.84,0.0,7854.16,0.3
158,158,289282.2000000002,86682.0,58.0,81157.32,98846.67,195960.21,0.3
159,159,0.0,21124.0,58.0,15906.29,0.0,5217.71,0.3
160,160,0.0,73729.0,58.0,52955.11,0.0,20773.89,0.3
161,161,31718.0,53587.0,59.0,48542.36,14333.71,22428.93,0.3
162,162,0.0,23088.0,59.0,22621.28,0.0,466.72,0.3
163,163,0.0,70312.0,60.0,59894.11,0.0,10417.89,0.3
164,164,37089.0,29114.0,60.0,46295.3,4568.29,15339.41,0.3
165,165,0.0,37922.0,61.0,37155.41,0.0,766.59,0.3
166,166,11612.0,77410.0,61.0,66259.04,6493.17,16269.79,0.3
167,167,113298.0,32172.0,61.0,26235.97,44148.97,75085.06,0.3
168,168,0.0,77146.0,61.0,66696.44,0.0,10449.56,0.3
169,169,7373.0,49151.0,61.0,37021.26,8510.9,10991.85,0.3
170,170,0.0,67089.0,61.0,59943.45,0.0,7145.55,0.3
171,171,3784.0,25225.0,62.0,27872.44,63.07,1073.49,0.3
172,172,1110.0,7402.0,62.0,6432.72,1092.07,987.21,0.3
173,173,5063.0,33756.0,63.0,29226.61,5233.42,4358.98,0.3
174,174,18926.0,34424.0,63.0,44516.15,2.55,8831.3,0.3
175,175,50629.0,11265.0,64.0,10124.09,20923.6,30846.31,0.3
176,176,0.0,55305.0,64.0,49414.54,0.0,5890.46,0.3
177,177,0.0,9640.0,64.0,6923.81,6.95,2709.25,0.3
178,178,0.0,38210.0,64.0,32548.54,0.0,5661.46,0.3
179,179,23078.0,91122.0,65.0,69774.51,7552.0,36873.49,0.3
180,180,7491.0,49938.0,65.0,48365.2,417.49,8646.31,0.3
181,181,80648.0,59350.0,66.0,60941.93,22899.93,56156.13,0.3
182,182,0.0,88445.0,66.0,79024.85,0.0,9420.15,0.3
183,183,0.0,74541.0,67.0,66601.74,0.0,7939.26,0.3
184,184,0.0,67385.0,67.0,60207.93,0.0,7177.07,0.3
185,185,7535.0,20062.0,68.0,17261.54,0.0,10335.46,0.3
186,186,0.0,32525.0,69.0,29060.81,0.0,3464.19,0.3
187,187,4041.0,26942.0,70.0,24917.13,0.0,6065.87,0.3
188,188,12333.0,82221.0,71.0,66305.82,0.0,28248.18,0.3
189,189,0.0,8331.0,72.0,5983.65,0.0,2347.35,0.3
190,190,0.0,15229.0,73.0,13606.98,0.0,1622.02,0.3
191,191,0.0,94947.0,73.0,68194.76,8.07,26744.17,0.3
192,192,16111.0,35230.0,73.0,30824.32,1589.86,18926.82,0.3
193,193,3919.0,26125.0,74.0,28932.21,0.0,1111.79,0.3
194,194,0.0,95148.0,75.0,71646.09,0.0,23501.91,0.3
195,195,5146.0,4490.0,76.0,5741.32,818.8,3075.88,0.3
196,196,0.0,14054.0,76.0,10582.6,677.35,2794.04,0.3
197,197,22736.0,88921.0,77.0,74242.59,0.0,37414.41,0.3
198,198,2862.0,19079.0,78.0,14490.43,3889.33,3561.23,0.3
199,199,13971.0,93143.0,78.0,102824.42,325.99,3963.59,0.3
200,200,6168.0,41121.0,79.0,38459.81,0.0,8829.19,0.3
201,201,0.0,5591.0,79.0,4015.67,185.86,1389.47,0.3
202,202,30787.0,42292.0,80.0,40150.65,13601.13,19327.22,0.3
203,203,7667.0,51111.0,80.0,46374.0,4042.98,8361.02,0.3
204,204,6246.0,41641.0,80.0,37582.14,5274.96,5029.9,0.3
205,205,5050.0,33669.0,80.0,34069.04,2258.59,2391.36,0.3
206,206,0.0,90404.0,80.0,64931.81,1390.6,24081.6,0.3
207,207,0.0,3900.0,81.0,3322.15,0.0,577.85,0.3
208,208,0.0,5906.0,82.0,4447.2,0.0,1458.8,0.3
209,209,0.0,48760.0,82.0,41535.4,0.0,7224.6,0.3
210,210,114946.0,50864.0,82.0,53406.0,39653.49,72750.51,0.3
211,211,0.0,35945.0,82.0,35218.38,0.0,726.62,0.3
212,212,0.0,94055.0,83.0,67554.11,74.65,26426.24,0.3
213,213,0.0,92260.0,83.0,69471.45,0.0,22788.55,0.3
214,214,30497.0,50139.0,83.0,50187.6,3763.39,26685.01,0.3
215,215,0.0,83255.0,84.0,59797.11,166.19,23291.7,0.3
216,216,8448.0,56318.0,84.0,45022.64,394.24,19349.12,0.3
217,217,0.0,84925.0,85.0,75879.76,0.0,9045.24,0.3
218,218,0.0,9139.0,85.0,6881.66,0.0,2257.34,0.3
219,219,102404.0,46440.0,85.0,56748.84,18401.18,73693.98,0.3
220,220,0.0,88271.0,86.0,66467.72,0.0,21803.28,0.3
221,221,60064.0,30854.0,86.0,27827.24,20733.94,42356.82,0.3
222,222,0.0,44288.0,86.0,37726.02,0.0,6561.98,0.3
223,223,0.0,41586.0,87.0,40745.35,0.0,840.65,0.3
224,224,0.0,63345.0,87.0,56598.21,0.0,6746.79,0.3
225,225,0.0,84286.0,87.0,60537.59,9.15,23739.26,0.3
226,226,85658.0,9109.0,87.0,8916.03,40376.29,45474.68,0.3
227,227,0.0,40892.0,87.0,35353.11,0.0,5538.89,0.3
228,228,0.0,21964.0,88.0,16538.83,0.0,5425.17,0.3
229,229,62853.0,81629.0,89.0,93156.91,0.0,51325.09,0.3
230,230,0.0,89651.0,90.0,64390.95,0.0,25260.05,0.3
231,231,0.0,10372.0,91.0,7449.58,7.16,2915.25,0.3
232,232,49068.0,28549.0,91.0,20505.02,28800.19,28311.79,0.3
233,233,0.0,52665.0,91.0,51600.39,0.0,1064.61,0.3
234,234,0.0,75194.0,92.0,56620.8,0.0,18573.2,0.3
235,235,3783.0,86233.0,92.0,61991.25,2041.55,25983.2,0.3
236,236,0.0,5907.0,92.0,4447.94,0.0,1459.06,0.3
237,237,101228.0,43964.0,93.0,40896.7,43328.91,60966.39,0.3
238,238,3814.0,25427.0,93.0,19152.16,4109.13,5979.71,0.3
239,239,13376.0,89170.0,93.0,90962.66,5038.29,6545.04,0.3
240,240,12439.0,82929.0,93.0,78314.17,7685.8,9368.03,0.3
241,241,0.0,66796.0,94.0,47975.61,0.0,18820.39,0.3
242,242,0.0,29253.0,95.0,22027.39,0.0,7225.61,0.3
243,243,0.0,10326.0,96.0,8927.31,0.0,1398.69,0.3
244,244,18051.0,28783.0,96.0,27298.04,3429.73,16106.23,0.3
245,245,0.0,18123.0,96.0,15668.21,0.0,2454.79,0.3
246,246,0.0,51784.0,97.0,44769.76,0.0,7014.24,0.3
247,247,0.0,76284.0,98.0,74741.93,0.0,1542.07,0.3
248,248,51395.0,54071.0,98.0,42178.28,32194.32,31093.41,0.3
249,249,23539.0,18799.0,99.0,13521.76,6640.03,22176.21,0.3
250,250,0.0,9644.0,99.0,6926.7,0.0,2717.3,0.3
251,251,0.0,59990.0,99.0,45172.25,0.0,14817.75,0.3
252,252,0.0,8497.0,100.0,6102.91,0.0,2394.09,0.3
253,253,0.0,38285.0,100.0,34207.33,0.0,4077.67,0.3
254,254,59340.0,14098.0,100.0,10197.74,19618.82,43621.44,0.3
255,255,0.0,91490.0,100.0,65711.83,0.0,25778.17,0.3
256,256,0.0,29098.0,100.0,24786.64,0.0,4311.36,0.3
257,257,0.0,49230.0,101.0,43986.58,0.0,5243.42,0.3
258,258,0.0,62126.0,102.0,46780.64,0.0,15345.36,0.3
259,259,19981.0,66229.0,103.0,51146.94,5607.73,29455.33,0.3
260,260,4045.0,26968.0,103.0,20314.19,1539.46,9159.35,0.3
261,261,0.0,16522.0,103.0,11866.77,49.4,4605.83,0.3
262,262,0.0,49877.0,103.0,37557.2,0.0,12319.8,0.3
263,263,0.0,35433.0,104.0,30633.52,0.0,4799.48,0.3
264,264,0.0,1742.0,104.0,1506.06,0.0,235.94,0.3
265,265,0.0,43839.0,104.0,31486.96,619.48,11732.56,0.3
266,266,14839.0,98926.0,104.0,88012.35,4045.77,21706.88,0.3
267,267,0.0,95813.0,104.0,82834.97,0.0,12978.03,0.3
268,268,0.0,16844.0,105.0,12683.49,0.0,4160.51,0.3
269,269,5974.0,71531.0,106.0,67439.15,0.0,10065.85,0.3
270,270,12025.0,80164.0,107.0,88777.57,0.0,3411.43,0.3
271,271,14661.0,32347.0,108.0,35171.66,0.0,11836.34,0.3
272,272,446.0,2973.0,109.0,2238.65,368.23,812.11,0.3
273,273,0.0,64669.0,109.0,46447.88,1177.36,17043.77,0.3
274,274,658.0,54988.0,109.0,39494.59,2859.93,13291.48,0.3
275,275,0.0,79041.0,109.0,70622.46,0.0,8418.54,0.3
276,276,4444.0,29630.0,110.0,27639.41,1304.79,5129.8,0.3
277,277,2491.0,96529.0,110.0,73445.41,340.88,25233.71,0.3
278,278,0.0,64549.0,111.0,63244.16,0.0,1304.84,0.3
279,279,51585.0,13544.0,111.0,9727.85,28485.16,26915.99,0.3
280,280,3093.0,20621.0,111.0,17757.94,3541.68,2414.38,0.3
281,281,4281.0,28542.0,111.0,24948.94,3946.59,3927.46,0.3
282,282,0.0,20244.0,111.0,14540.05,209.61,5494.34,0.3
283,283,0.0,78481.0,112.0,56368.23,5366.99,16745.78,0.3
284,284,5342.0,35611.0,112.0,39437.51,0.0,1515.49,0.3
285,285,6098.0,40652.0,113.0,32783.25,0.0,13966.75,0.3
286,286,0.0,56032.0,114.0,40244.46,244.39,15543.15,0.3
287,287,6171.0,41142.0,114.0,32467.51,943.29,13902.2,0.3
288,288,0.0,3950.0,114.0,3364.75,0.0,585.25,0.3
289,289,0.0,77905.0,115.0,58662.17,0.0,19242.83,0.3
290,290,17396.0,92659.0,116.0,88331.85,0.0,21723.15,0.3
291,291,21258.0,41653.0,117.0,30025.53,7451.54,25433.94,0.3
292,292,0.0,86315.0,117.0,74623.47,0.0,11691.53,0.3
293,293,0.0,37989.0,117.0,27285.23,1.43,10702.35,0.3
294,294,0.0,37216.0,118.0,33252.19,1321.58,2642.23,0.3
295,295,0.0,56808.0,118.0,42776.24,0.0,14031.76,0.3
296,296,0.0,64560.0,118.0,63254.93,0.0,1305.07,0.3
297,297,84958.0,28657.0,118.0,20582.63,44708.26,48324.11,0.3
298,298,0.0,27351.0,118.0,23646.27,0.0,3704.73,0.3
299,299,0.0,62283.0,119.0,44734.17,0.0,17548.83,0.3
300,300,8442.0,56279.0,120.0,53342.98,1634.06,9743.96,0.3
301,301,0.0,87453.0,120.0,75607.33,0.0,11845.67,0.3
302,302,22159.0,41241.0,121.0,44827.59,0.0,18572.41,0.3
303,303,0.0,70132.0,122.0,50371.63,10483.35,9277.02,0.3
304,304,0.0,36192.0,122.0,25994.54,58.89,10138.57,0.3
305,305,80059.0,92961.0,122.0,129733.95,0.0,43286.05,0.3
306,306,622.0,4149.0,123.0,3677.32,725.11,368.57,0.3
307,307,0.0,23508.0,123.0,23032.79,0.0,475.21,0.3
308,308,17995.0,69237.0,123.0,52427.97,8641.31,26162.72,0.3
309,309,33390.0,12707.0,124.0,11057.34,15678.47,19361.19,0.3
310,310,0.0,81633.0,124.0,69537.73,0.0,12095.27,0.3
311,311,11476.0,76510.0,125.0,71558.49,0.0,16427.51,0.3
312,312,7644.0,50963.0,126.0,56438.37,0.0,2168.63,0.3
313,313,0.0,6495.0,127.0,4664.99,0.0,1830.01,0.3
314,314,9810.0,12729.0,127.0,14528.35,3.31,8007.35,0.3
315,315,0.0,72616.0,128.0,54679.57,563.03,17373.4,0.3
316,316,13043.0,86956.0,128.0,87905.99,5820.52,6272.49,0.3
317,317,14523.0,96818.0,128.0,83777.37,12477.16,15086.48,0.3
318,318,44317.0,78782.0,128.0,82007.87,14179.68,26911.45,0.3
319,319,0.0,71802.0,129.0,51571.1,892.27,19338.64,0.3
320,320,0.0,42247.0,129.0,36524.58,0.0,5722.42,0.3
321,321,21593.0,46294.0,130.0,50481.98,0.0,17405.02,0.3
322,322,0.0,6849.0,131.0,6710.56,0.0,138.44,0.3
323,323,2365.0,84850.0,131.0,73845.69,1555.94,11813.37,0.3
324,324,0.0,95307.0,132.0,82397.51,0.0,12909.49,0.3
325,325,0.0,55530.0,132.0,41813.86,0.0,13716.14,0.3
326,326,48099.0,21148.0,132.0,25842.51,9867.9,33536.58,0.3
327,327,231712.0,45870.0,133.0,48995.29,102046.02,126540.69,0.3
328,328,0.0,45805.0,133.0,34491.01,0.0,11313.99,0.3
329,329,0.0,51485.0,133.0,50444.25,0.0,1040.75,0.3
330,330,0.0,91420.0,133.0,79037.0,5101.93,7281.07,0.3
331,331,0.0,89792.0,133.0,87976.87,0.0,1815.13,0.3
332,332,0.0,19210.0,133.0,14465.05,0.0,4744.95,0.3
333,333,0.0,50269.0,133.0,43459.98,0.0,6809.02,0.3
334,334,0.0,7020.0,133.0,6069.13,0.0,950.87,0.3
335,335,0.0,51857.0,133.0,46333.81,0.0,5523.19,0.3
336,336,4666.0,31109.0,134.0,28309.13,726.87,6738.99,0.3
337,337,0.0,41073.0,134.0,29500.28,921.95,10650.77,0.3
338,338,1395.0,9302.0,134.0,8113.98,645.54,1937.49,0.3
339,339,0.0,86318.0,135.0,61997.11,1681.37,22639.53,0.3
340,340,0.0,5260.0,135.0,5153.67,0.0,106.33,0.3
341,341,0.0,86461.0,136.0,62099.81,1874.06,22487.13,0.3
342,342,0.0,4020.0,136.0,2887.37,35.9,1096.73,0.3
343,343,0.0,23803.0,136.0,20276.2,0.0,3526.8,0.3
344,344,0.0,35733.0,137.0,26906.81,0.0,8826.19,0.3
345,345,3119.0,20794.0,138.0,22007.43,748.06,1157.51,0.3
346,346,5698.0,80919.0,138.0,58276.91,2348.68,25991.4,0.3
347,347,909.0,6063.0,138.0,4354.71,1858.98,758.31,0.3
348,348,0.0,84111.0,138.0,60411.93,3327.51,20371.56,0.3
349,349,0.0,3709.0,138.0,3634.02,0.0,74.98,0.3
350,350,0.0,38685.0,139.0,29129.66,0.0,9555.34,0.3
351,351,0.0,43598.0,139.0,32829.11,0.0,10768.89,0.3
352,352,0.0,67434.0,140.0,48433.82,220.92,18779.26,0.3
353,353,0.0,5086.0,140.0,4397.07,0.0,688.93,0.3
354,354,12091.0,80604.0,140.0,64966.64,104.67,27623.69,0.3
355,355,0.0,49911.0,141.0,48902.07,0.0,1008.93,0.3
356,356,0.0,71255.0,141.0,61603.39,0.0,9651.61,0.3
357,357,65758.0,41530.0,141.0,39069.01,26798.09,41420.9,0.3
358,358,11788.0,78589.0,142.0,87032.74,0.0,3344.26,0.3
359,359,0.0,91979.0,143.0,78350.78,0.0,13628.22,0.3
360,360,36459.0,43423.0,144.0,65072.09,0.0,14809.91,0.3
361,361,11444.0,76296.0,145.0,67279.37,10535.56,9925.07,0.3
362,362,79125.0,76035.0,145.0,97109.86,14903.72,43146.41,0.3
363,363,0.0,3088.0,145.0,2669.73,0.0,418.27,0.3
364,364,0.0,66432.0,145.0,50023.02,0.0,16408.98,0.3
365,365,0.0,58187.0,146.0,49565.64,0.0,8621.36,0.3
366,366,6302.0,42013.0,146.0,41541.84,1095.65,5677.51,0.3
367,367,139348.0,66664.0,146.0,95442.68,44736.98,65832.34,0.3
368,368,0.0,31039.0,146.0,22293.48,1.16,8744.35,0.3
369,369,0.0,69190.0,147.0,49695.06,7103.54,12391.41,0.3
370,370,21036.0,81535.0,147.0,86379.82,11142.55,5048.63,0.3
371,371,0.0,25174.0,147.0,24665.11,0.0,508.89,0.3
372,372,4178.0,27854.0,148.0,24594.11,1609.35,5828.55,0.3
373,373,0.0,34312.0,148.0,30657.48,0.0,3654.52,0.3
374,374,7100.0,47332.0,149.0,43774.98,0.0,10657.02,0.3
375,375,0.0,84213.0,150.0,72806.19,0.0,11406.81,0.3
376,376,857.0,5716.0,150.0,4322.98,403.39,1846.63,0.3
377,377,0.0,4414.0,151.0,4324.77,0.0,89.23,0.3
378,378,1398.0,9317.0,151.0,8124.15,949.46,1641.39,0.3
379,379,0.0,62547.0,151.0,44923.78,1308.38,16314.84,0.3
380,380,0.0,53024.0,152.0,51952.13,0.0,1071.87,0.3
381,381,0.0,46431.0,152.0,39551.49,0.0,6879.51,0.3
382,382,0.0,76430.0,152.0,65105.63,0.0,11324.37,0.3
383,383,0.0,94867.0,152.0,68137.31,0.0,26729.69,0.3
384,384,0.0,81378.0,152.0,61277.31,11594.8,8505.89,0.3
385,385,0.0,85982.0,152.0,84243.88,0.0,1738.12,0.3
386,386,0.0,76927.0,152.0,75371.93,0.0,1555.07,0.3
387,387,0.0,40884.0,152.0,35346.18,0.0,5537.82,0.3
388,388,0.0,58029.0,152.0,51848.42,0.0,6180.58,0.3
389,389,582060.0,9775.0,152.0,9204.36,257475.2,325155.44,0.3
390,390,0.0,18294.0,152.0,17924.19,0.0,369.81,0.3
391,391,0.0,32361.0,152.0,27566.2,0.0,4794.8,0.3
392,392,0.0,39679.0,152.0,38876.9,0.0,802.1,0.3
393,393,12900.0,85999.0,152.0,94776.99,0.0,4122.01,0.3
394,394,0.0,45974.0,153.0,39746.74,0.0,6227.26,0.3
395,395,0.0,9873.0,154.0,9673.42,0.0,199.58,0.3
396,396,0.0,87615.0,154.0,75747.37,167.37,11700.25,0.3
397,397,7630.0,50864.0,154.0,47445.03,1120.77,9928.2,0.3
398,398,7764.0,51760.0,155.0,39156.24,2860.41,17507.35,0.3
399,399,0.0,73708.0,155.0,55501.84,0.0,18206.16,0.3
400,400,0.0,85792.0,155.0,76654.43,0.0,9137.57,0.3
401,401,0.0,55352.0,155.0,47854.47,0.0,7497.53,0.3
402,402,10379.0,69192.0,155.0,51292.91,6080.18,22197.91,0.3
403,403,4025.0,26833.0,156.0,25096.53,0.0,5761.47,0.3
404,404,0.0,16725.0,157.0,14246.92,0.0,2478.08,0.3
405,405,0.0,75841.0,157.0,57107.97,6912.51,11820.52,0.3
406,406,0.0,87705.0,157.0,66041.54,0.0,21663.46,0.3
407,407,124015.0,40979.0,157.0,51548.03,40371.5,73074.47,0.3
408,408,0.0,32504.0,157.0,31846.94,0.0,657.06,0.3
409,409,11170.0,74466.0,158.0,68869.74,0.0,16766.26,0.3
410,410,0.0,98687.0,159.0,84064.92,0.0,14622.08,0.3
411,411,0.0,98759.0,159.0,74365.15,0.0,24393.85,0.3
412,412,0.0,47545.0,159.0,34148.75,285.55,13110.7,0.3
413,413,330.0,2201.0,159.0,1902.86,111.1,517.04,0.3
414,414,0.0,13455.0,159.0,13183.01,0.0,271.99,0.3
415,415,0.0,36317.0,159.0,31397.8,0.0,4919.2,0.3
416,416,1971.0,13138.0,159.0,9898.25,2136.88,3073.88,0.3
417,417,14968.0,99788.0,159.0,89806.93,13380.28,11568.79,0.3
418,418,0.0,82304.0,159.0,80640.24,0.0,1663.76,0.3
419,419,229300.0,74207.0,159.0,65419.87,105066.73,133020.4,0.3
420,420,0.0,65889.0,159.0,47324.13,333.11,18231.76,0.3
421,421,0.0,98868.0,159.0,84219.08,0.0,14648.92,0.3
422,422,29166.0,79825.0,160.0,84799.16,0.0,24191.84,0.3
423,423,25155.0,91223.0,161.0,76582.11,0.0,39795.89,0.3
424,424,0.0,95604.0,162.0,81438.7,0.0,14165.3,0.3
425,425,0.0,38352.0,162.0,33157.15,0.0,5194.85,0.3
426,426,84014.0,1495.0,162.0,1744.94,30994.1,52769.96,0.3
427,427,6822.0,36055.0,163.0,35868.88,0.0,7008.12,0.3
428,428,1817.0,12114.0,164.0,10479.18,701.12,2750.69,0.3
429,429,7246.0,59922.0,164.0,52847.25,904.52,13416.23,0.3
430,430,9258.0,61722.0,164.0,45806.18,5048.74,20125.08,0.3
431,431,0.0,85670.0,165.0,83938.19,0.0,1731.81,0.3
432,432,62549.0,93681.0,165.0,94170.21,28035.99,34023.79,0.3
433,433,13830.0,40021.0,166.0,42021.87,229.02,11600.1,0.3
434,434,0.0,63454.0,166.0,45575.23,232.42,17646.35,0.3
435,435,0.0,1389.0,166.0,1045.9,0.0,343.1,0.3
436,436,4170.0,27797.0,167.0,19964.94,5972.65,6029.41,0.3
437,437,8617.0,57448.0,167.0,51990.94,6366.73,7707.33,0.3
438,438,0.0,54185.0,167.0,38917.87,1349.01,13918.12,0.3
439,439,0.0,95117.0,167.0,93194.23,0.0,1922.77,0.3
440,440,36010.0,75346.0,167.0,54129.35,24985.15,32241.5,0.3
441,441,0.0,12518.0,167.0,11184.71,0.0,1333.29,0.3
442,442,0.0,2921.0,168.0,2525.35,0.0,395.65,0.3
443,443,54937.0,44898.0,168.0,66858.55,5911.24,27065.22,0.3
444,444,0.0,21233.0,168.0,18971.51,795.07,1466.42,0.3
445,445,11028.0,28962.0,169.0,30910.2,0.0,9079.8,0.3
446,446,2264.0,51128.0,170.0,44240.35,658.19,8493.46,0.3
447,447,0.0,78548.0,170.0,67908.53,0.0,10639.47,0.3
448,448,67966.0,52084.0,170.0,82643.15,4802.15,32604.7,0.3
449,449,7365.0,13248.0,171.0,14470.56,0.0,6142.44,0.3
450,450,9925.0,66166.0,172.0,50815.25,9421.89,15853.86,0.3
451,451,11835.0,78903.0,172.0,86236.35,1144.05,3357.6,0.3
452,452,6768.0,45118.0,173.0,49965.96,0.0,1920.04,0.3
453,453,48086.0,14969.0,174.0,14742.39,18014.48,30298.13,0.3
454,454,0.0,80606.0,174.0,72020.75,0.0,8585.25,0.3
455,455,0.0,85560.0,175.0,72882.87,0.0,12677.13,0.3
456,456,46258.0,59880.0,176.0,52090.46,28936.15,25111.39,0.3
457,457,7667.0,51115.0,176.0,50108.87,3099.65,5573.49,0.3
458,458,0.0,36984.0,176.0,31504.21,0.0,5479.79,0.3
459,459,17531.0,66783.0,177.0,65899.02,0.0,18414.98,0.3
460,460,1828.0,12186.0,178.0,11270.25,0.0,2743.75,0.3
461,461,0.0,12967.0,179.0,12704.88,0.0,262.12,0.3
462,462,0.0,87673.0,179.0,85900.7,0.0,1772.3,0.3
463,463,120937.0,29805.0,179.0,36421.21,53671.29,60649.5,0.3
464,464,0.0,50507.0,180.0,43665.74,0.0,6841.26,0.3
465,465,2147.0,14316.0,181.0,12523.56,844.35,3095.09,0.3
466,466,12970.0,86469.0,181.0,79833.06,9.56,19596.38,0.3
467,467,89061.0,92534.0,182.0,141941.49,0.0,39653.51,0.3
468,468,0.0,16314.0,183.0,14576.42,0.0,1737.58,0.3
469,469,9732.0,64878.0,184.0,52319.96,0.0,22290.04,0.3
470,470,0.0,82710.0,185.0,62280.3,2292.3,18137.4,0.3
471,471,9324.0,62161.0,185.0,55992.51,5620.08,9872.41,0.3
472,472,8005.0,53364.0,185.0,47893.73,7668.77,5806.5,0.3
473,473,0.0,72187.0,185.0,51847.61,3149.64,17189.75,0.3
474,474,10141.0,67605.0,185.0,71397.49,2001.52,4346.99,0.3
475,475,0.0,17163.0,186.0,12327.15,0.0,4835.85,0.3
476,476,0.0,28398.0,187.0,20396.59,0.0,8001.41,0.3
477,477,6634.0,44227.0,188.0,34565.09,1436.87,14859.04,0.3
478,478,0.0,43054.0,188.0,37222.25,0.0,5831.75,0.3
479,479,0.0,9888.0,189.0,8548.65,0.0,1339.35,0.3
480,480,0.0,30328.0,190.0,27097.82,0.0,3230.18,0.3
481,481,32416.0,20967.0,190.0,20913.73,11284.63,21184.64,0.3
482,482,0.0,47243.0,190.0,40843.85,0.0,6399.15,0.3
483,483,9915.0,66097.0,191.0,64567.89,0.0,11444.11,0.3
484,484,2386.0,33466.0,192.0,29973.65,0.0,5878.35,0.3
485,485,9425.0,62831.0,193.0,61377.41,0.0,10878.59,0.3
486,486,10321.0,68809.0,194.0,55489.85,0.0,23640.15,0.3
487,487,0.0,60030.0,195.0,45202.37,0.0,14827.63,0.3
488,488,0.0,24930.0,195.0,21236.21,0.0,3693.79,0.3
489,489,0.0,31387.0,195.0,23634.27,0.0,7752.73,0.3
490,490,132394.0,28798.0,195.0,24126.08,56915.32,80150.6,0.3
491,491,0.0,15087.0,195.0,13043.44,0.0,2043.56,0.3
492,492,0.0,60826.0,195.0,59596.41,0.0,1229.59,0.3
493,493,0.0,82703.0,195.0,71500.72,0.0,11202.28,0.3
494,494,14818.0,98789.0,196.0,104045.48,1284.23,8277.29,0.3
495,495,12520.0,83464.0,196.0,64100.1,15347.15,16536.75,0.3
496,496,3546.0,23642.0,196.0,16980.68,3983.58,6223.74,0.3
497,497,0.0,43507.0,197.0,37613.89,0.0,5893.11,0.3
498,498,46310.0,18533.0,197.0,18680.59,16221.78,29940.63,0.3
499,499,0.0,52421.0,197.0,46837.71,0.0,5583.29,0.3
